{"_step":2,"Validloss":5.868579743272167,"samples":{"size":77910,"path":"media/images/samples_2_6f91d17d3bb5292bcf4e.png","format":"png","width":1500,"height":1050,"_type":"image-file","sha256":"6f91d17d3bb5292bcf4eef460620dff7c37340f0087502c6f25ef86a29bf8369"},"lr":0.0005804990207313468,"_wandb":{"runtime":19},"_timestamp":1.7429488090918124e+09,"_runtime":13.666875509,"Trainingloss":8.08858275512442,"degloss":0}