{"samples":{"width":1500,"height":1050,"_type":"image-file","sha256":"dbc96d732582a5b5dbbbddcc69e5a0629fe60339a65a67aaff338adf57ace502","size":77816,"path":"media/images/samples_2_dbc96d732582a5b5dbbb.png","format":"png"},"_timestamp":1.7429490979145517e+09,"_step":10,"lr":5.9999999999999995e-05,"Validloss":4.127699649940102,"Trainingloss":4.026645428535849,"degloss":0,"_runtime":53.799302232,"_wandb":{"runtime":60}}