{"_runtime":253.506211299,"Trainingloss":0.7994993336467822,"lr":0.0002330644643995878,"_wandb":{"runtime":254},"samples":{"height":1050,"_type":"image-file","sha256":"17b910118586c1b415f7ebc5025a8d74b03b654e4f8c8d1ad3ca60e564373dca","size":94193,"path":"media/images/samples_46_17b910118586c1b415f7.png","format":"png","width":1500},"degloss":0,"_timestamp":1.7429485610942268e+09,"Validloss":1.451679405519518,"_step":55}