{"_step":28,"samples":{"format":"png","width":1500,"height":1050,"_type":"image-file","sha256":"3ced0274d3f7861a864ef9352131a5f6058dd353e445521f776fa3aae97015ab","size":97764,"path":"media/images/samples_24_3ced0274d3f7861a864e.png"},"_timestamp":1.7429487786508179e+09,"Validloss":1.7635374372288333,"degloss":0,"_runtime":123.94127669,"_wandb":{"runtime":133},"Trainingloss":1.5431801738580728,"lr":0.00015084714235496816}