{"_timestamp":1.742949378051137e+09,"_step":2,"_wandb":{"runtime":191},"Trainingloss":8.101885377047129,"degloss":0,"Validloss":4.047607107338133,"samples":{"height":1050,"_type":"image-file","sha256":"5186a75a65ad9a30cfa82cdd2d6c49ac509e6334bc98b4d6f97acf35e23231d3","size":210274,"path":"media/images/samples_2_5186a75a65ad9a30cfa8.png","format":"png","width":1500},"lr":0.0005993227491437158,"_runtime":136.240398967}