{"samples":{"sha256":"94300a5d76760aebfd5da9e0bfa3021880e0095f689fa0488f95bb416ffc46cd","size":78593,"path":"media/images/samples_24_94300a5d76760aebfd5d.png","format":"png","width":1500,"height":1050,"_type":"image-file"},"_step":33,"Trainingloss":2.3286359043042193,"_runtime":155.709506112,"lr":0.0001261029760327016,"_timestamp":1.7429490358345103e+09,"Validloss":3.1574665530253263,"degloss":0,"_wandb":{"runtime":156}}